광역시도,시도,x,y,ID,SUB-0,SUB-1,SUB-2,SUB-3,SUB-4,SUB-5,SUB-6,SUB-7,SUB-8,SUB-9,Percent(%)
강원도,강릉시,11,3,강릉,2.659421566,7.385360055,232.8282616,338.5342957,357.762347,225.1577863,38.45657444,776.8963975,179.6480245,44.24425099,40.46650259
강원도,고성군,10,0,고성(강원),47.01832127,165.7633397,146.3595876,90.71333159,196.6524395,510.0188595,145.1277718,414.1026218,394.2388812,227.6976003,46.47679311
강원도,동해시,11,4,동해,59.50963694,40.55017307,112.4473472,2.226615049,251.113413,576.7497871,65.59375363,415.2194754,454.85746,90.7658563,38.50607475
강원도,삼척시,11,5,삼척,80.47577034,147.8415419,58.7918426,258.2020365,61.37722059,545.712266,235.7142343,745.7131292,608.7336342,240.4293244,56.03394258
강원도,속초시,10,1,속초,64.2085272,61.15533899,104.3370652,380.6122235,150.1924956,379.6221697,65.08821944,358.1545927,748.140171,667.9802409,52.20194859
강원도,양구군,9,0,양구,67.85077256,105.2890928,188.3665835,87.56060621,324.650884,127.4677317,407.3071231,739.267899,45.81378709,180.8324906,46.51180195
강원도,양양군,10,2,양양,69.01615576,149.3850333,55.89967111,43.62520425,262.6602996,277.6682343,637.4908177,210.2225789,193.5136333,547.7128768,46.56790378
강원도,영월군,10,7,영월,11.02259874,195.9463618,276.5339841,26.49205102,22.62353555,198.3637447,74.69959534,746.3368237,16.54058593,78.51248332,35.90346833
강원도,원주시,10,5,원주,69.79457628,12.89141597,187.3966539,291.2926365,145.0754625,59.79593166,598.2060865,260.2382488,290.1961048,514.4029812,45.2182179
강원도,인제군,8,1,인제,60.22231197,167.4232086,7.857866795,366.6269597,323.7587317,314.9807186,461.5041634,513.4402304,51.95364967,335.8988165,52.49301823
강원도,정선군,10,3,정선,6.005592753,89.55969917,20.46192711,262.4555904,231.1352206,29.52999694,616.4546099,422.4545643,197.7366594,576.3843175,39.48496291
강원도,철원군,7,0,철원,81.25401476,128.8550434,239.3448925,300.185092,452.739935,320.5674873,324.1880608,360.1846098,167.9027703,303.6647795,58.48433395
강원도,춘천시,9,1,춘천,89.97007152,19.15348816,296.9316801,331.5697738,264.184824,105.0317618,447.5054434,758.2571535,820.0859486,354.3028116,63.70211795
강원도,태백시,10,4,태백,96.45553042,48.97175781,257.7332521,39.85729908,225.4166044,189.172353,177.0692411,67.22555125,669.1606781,751.6586267,47.66447134
강원도,평창군,10,6,평창,75.95319946,65.53718062,171.7544004,197.6083251,452.0220217,305.662784,420.5854673,727.5400785,643.1291186,908.5111619,67.00595947
강원도,홍천군,8,2,홍천,71.84038257,102.8888402,218.7083515,117.2119386,229.2547245,314.7639144,342.1754376,407.0513849,885.0233813,129.6848857,53.48702167
강원도,화천군,8,0,화천,90.45042738,94.75775176,248.3049861,254.2714669,301.6251522,287.6989405,113.9881173,512.5782191,234.5496813,589.1642757,55.777415
강원도,횡성군,9,2,횡성,14.61613217,162.8707744,258.4287566,25.72337547,183.7341286,302.3103888,285.819204,230.2365669,566.2130448,3.00206008,40.85808249
경기도,가평군,7,3,가평,91.97702049,54.24765961,258.5424244,189.8914723,489.7029759,114.5786248,200.5787875,748.1289258,582.808967,415.7973227,59.82980715
경기도,과천시,8,7,과천,81.56748665,114.9373599,167.8738182,107.5659848,25.68882468,226.8894932,23.51582949,251.7479363,672.7770214,469.8115064,42.14003319
경기도,광명시,4,4,광명,59.36112096,187.111975,231.4536762,8.331267826,405.8196034,160.8045805,339.5042741,597.1506927,107.5206629,234.215586,49.8628581
경기도,광주시,9,7,광주,53.27091334,186.2241912,155.7927924,223.7135971,440.0296373,92.0273909,606.6860339,795.5695442,603.5435705,748.5116477,68.56133529
경기도,구리시,8,3,구리,23.7293934,42.27557806,268.4142191,163.2568016,233.0486454,274.5518452,219.5268205,130.2551254,252.7159196,271.3019218,37.0373763
경기도,군포시,5,9,군포,9.028162939,161.5862038,119.5108484,348.0931488,174.2310354,334.0854583,694.9106701,317.2045897,146.4377552,38.43170497,46.6246177
경기도,권선구,5,10,수원 권선,5.028268296,185.8164886,62.43381702,304.9948143,196.9270803,593.3992282,45.51346769,93.48412562,77.61849097,9.717020942,36.10651945
경기도,기흥구,8,9,용인 기흥,4.43718553,36.81217853,68.62090039,322.5015751,41.80612903,529.9736781,63.83663256,748.2748702,258.2153674,432.3780994,39.76147582
경기도,김포시,4,3,김포,89.02149243,156.7598979,250.213175,378.5300111,61.55144543,115.0995699,663.1597876,330.7299895,166.8259893,761.3170933,60.76781781
경기도,남양주시,7,2,남양주,43.98714937,123.0650419,88.86315063,347.8721498,355.6940208,84.45897256,647.6842285,274.887908,465.1265451,467.1390005,53.26059917
경기도,단원구,3,8,안산 단원,36.23932092,171.5443666,101.6531507,195.2160007,483.2671413,543.7513076,9.672811092,171.8514756,238.2761631,270.5974023,46.83766682
경기도,덕양구,3,2,고양 덕양,6.295808505,141.2089609,109.1389972,246.8587574,120.9457304,553.9945565,52.57821157,747.6233771,554.8822163,853.9220541,53.95260964
경기도,동두천시,4,1,동두천,72.56892053,149.8847782,232.638933,303.2891492,344.7662512,120.1195528,512.9054052,669.7936858,12.27918436,711.7721435,61.93910633
경기도,동안구,3,5,안양 동안,3.48227302,144.0586335,266.9657007,19.53645918,479.3095811,313.5546568,244.4473983,271.7081801,224.0232653,36.10379653,41.48917301
경기도,만안구,3,4,안양 만안,86.10460527,151.5056179,296.6570675,84.54251854,38.59985822,545.0973711,592.4882818,689.9075893,212.1770963,318.4930764,60.67524388
경기도,분당구,7,8,성남 분당,85.72637884,170.987252,156.4856205,57.77274344,321.4317715,226.2361591,377.8262288,394.0964707,441.3383463,633.7491178,55.54671852
경기도,상록구,3,7,안산 상록,19.08466271,43.14836261,233.2439914,305.7444137,285.6077057,511.0795806,2.268316782,698.3781063,275.6274644,736.5731521,52.90483134
경기도,소사구,2,4,부천 소사,50.69915532,153.0020706,159.1410786,38.36887675,142.8625602,513.7543809,413.0122844,364.0121377,725.4556843,142.1077553,50.3357913
경기도,수정구,8,8,성남 수정,14.5043911,87.69273327,188.1349251,165.9366271,407.0000127,318.8152894,614.9231744,758.4226026,449.1661107,807.2675333,61.03655324
경기도,수지구,9,8,용인 수지,63.26295793,129.1376253,175.2586862,290.0792788,35.42790211,18.46199357,423.9663062,63.15623208,699.1132928,426.5702834,45.7731159
경기도,시흥시,3,6,시흥,45.18886667,165.5681247,274.1296914,372.2107885,168.4550027,403.6712778,311.8842093,505.8062436,79.6466263,683.8819184,59.83902213
경기도,안성시,4,10,안성,15.01169509,114.9909964,99.96849037,79.02275179,309.0955079,415.4963592,634.593331,456.3574782,896.0082468,364.6219929,54.03737522
경기도,양주시,3,1,양주,99.41548522,137.0785361,34.80403592,229.5028028,376.1680437,234.0893833,2.388320097,565.55813,470.9201353,468.9138872,52.14321083
경기도,양평군,9,4,양평,66.44445931,67.46074403,30.14710972,119.0122774,74.50510876,190.8371766,76.47442589,598.9213863,1.199790594,146.1794191,28.72254983
경기도,여주시,9,5,여주,41.98970958,118.9993276,249.2313492,256.3175377,498.6710277,463.2500693,492.8195308,170.6375612,223.2679185,878.4617188,62.99746283
경기도,연천군,5,1,연천,12.80470301,87.42842942,23.65570465,257.4351148,294.6425027,10.36833767,19.05740386,511.4715048,419.5731029,79.48508619,31.06436548
경기도,영통구,7,9,수원 영통,16.0596369,21.86367597,73.65986637,16.52169626,328.1890697,443.3594397,643.782981,298.6344371,721.9469188,855.145366,49.02354045
경기도,오산시,3,10,오산,82.33386292,43.13262337,114.9286981,306.3949988,470.9463326,175.5698722,679.3898265,788.6731607,169.2734622,674.0773155,62.41151308
경기도,오정구,2,6,부천 오정,8.235946686,126.4892169,212.3087138,144.9366006,381.0593329,493.1123008,376.41029,483.5299131,678.5724166,137.9398566,54.02865851
경기도,원미구,2,5,부천 원미,91.19385939,122.2102637,252.7326179,50.28845452,230.7726733,58.34489496,416.3228993,705.4688183,326.7502356,871.5652281,57.61144014
경기도,의왕시,6,9,의왕,68.46525376,163.2566167,207.6246188,122.0386409,64.52057954,400.3740945,216.0237903,74.18895246,646.80833,797.2514433,52.11714573
경기도,의정부시,7,1,의정부,52.37440446,70.29342307,174.0109124,153.9566868,254.5879514,553.786371,375.6047712,587.4805786,481.4187346,519.934629,55.98065741
경기도,이천시,9,6,이천,14.26260417,48.52966402,84.53963625,81.41508006,87.05391576,548.2919791,17.86630234,517.6721025,574.5017685,95.02002056,33.64507382
경기도,일산동구,4,2,고양 일산동,96.72115387,164.5076768,223.8629647,88.64350958,130.4081032,582.8924255,465.382568,677.0688275,141.2781294,78.94305487,57.3695919
경기도,일산서구,3,3,고양 일산서,60.18462244,148.716982,11.86556146,218.0084973,214.4565074,483.9388361,377.9789296,313.9408861,235.6805518,558.9300539,49.18675331
경기도,장안구,6,10,수원 장안,73.94502813,4.327751605,99.47394587,10.81324539,116.3705866,78.94927952,590.5755757,36.82485231,236.4924853,181.3684498,28.17873615
경기도,중원구,7,7,성남 중원,69.06397249,41.96593255,271.4480774,100.7091169,149.8141325,327.775736,143.4346599,51.88947839,607.7138802,888.5024569,47.36498869
경기도,처인구,9,9,용인 처인,10.6558099,71.66966334,250.6087644,26.91209827,479.1737011,532.2509778,378.2011202,454.991684,751.3661782,241.5769852,53.98436788
경기도,파주시,2,3,파주,93.15654072,1.061493329,27.36615734,358.494949,34.49895444,386.8261544,377.8123263,291.276872,56.04757268,772.3859439,43.76527946
경기도,팔달구,6,11,수원 팔달,79.72592594,92.93618421,98.12318217,288.556158,112.6258745,4.727039135,313.9491047,771.6368875,65.94084176,175.6060643,42.05456494
경기도,평택시,4,11,평택,58.15793589,184.1047209,241.3548013,207.9602147,449.2739943,206.3406704,481.035884,320.7922641,560.9948948,510.7552701,62.91235991
경기도,포천시,6,1,포천,77.04552751,79.56312162,234.037514,285.8178632,235.2632797,440.3071473,648.4319707,772.7211396,886.3377764,972.1948568,77.16559812
경기도,하남시,9,3,하남,52.16779231,94.57587543,180.8239768,58.274756,147.9071386,154.4655598,63.93810225,717.6610909,344.7489694,974.0659387,46.41784515
경기도,화성시,3,9,화성,1.417631127,115.6445123,39.95351035,114.5699532,458.8361,166.5544852,80.13499184,733.3583543,565.1944288,609.642598,44.76078042
경상남도,거제시,8,22,거제,84.88325711,162.7919109,250.6245502,269.5226615,141.380323,154.7254795,361.2885689,675.6600424,661.8166976,675.0007004,64.83704559
경상남도,거창군,6,16,거창,47.30490985,197.2237659,96.62977489,274.9352186,385.9118942,161.6481361,618.2773475,587.2483652,862.0198167,509.840704,65.94796883
경상남도,고성군,7,22,고성(경남),81.98205426,71.0075092,60.67895132,84.50874425,214.7667387,339.3328511,170.1125154,310.0342191,473.7689869,153.8571545,38.94309142
경상남도,김해시,9,20,김해,18.90842586,199.7639137,122.6518205,49.73361314,392.1444108,129.8451986,33.28397475,559.7257643,388.6672756,811.2820414,47.12115058
경상남도,남해군,6,22,남해,67.18098196,98.65193393,150.4747338,18.19840339,202.169199,462.8797912,188.3525063,323.3099296,850.1142695,173.6667036,46.79403196
경상남도,마산합포구,8,19,창원 합포,87.83621335,138.3858722,88.63533907,307.9356027,460.0519615,176.6576106,369.7272824,184.5637355,22.26888604,493.9515623,51.27696176
경상남도,마산회원구,7,21,창원 회원,21.77091973,77.67633301,294.9860136,221.7437692,90.19612767,11.94096227,467.9402896,426.7567959,792.9966736,309.9397999,47.37010195
경상남도,밀양시,8,17,밀양,60.02710612,132.6939632,98.80668556,343.5564483,333.6296785,293.849887,29.54628455,327.5902245,892.6778134,295.9790529,53.48536833
경상남도,사천시,6,21,사천,79.33640525,119.9269251,276.5100447,230.4913952,267.6977763,568.5203226,355.2185883,5.920934168,666.6999763,686.8493408,63.16340125
경상남도,산청군,5,19,산청,32.68727519,186.5557665,166.9097546,157.3996975,62.18317872,557.2435715,47.14779306,481.9632419,359.4508332,732.4723117,50.64292489
경상남도,성산구,7,20,창원 성산,95.03056786,96.0244868,95.43216115,22.49145326,23.95080833,84.92204001,658.5233575,773.1391513,215.472482,142.2118005,42.82999562
경상남도,양산시,7,19,양산,88.19180469,10.73389126,137.3490682,184.8777948,311.3519568,158.4214111,291.3565167,390.2830935,257.7210773,928.3153349,48.61101366
경상남도,의령군,7,18,의령,66.76219603,182.2847412,97.77509718,194.1823467,14.31208871,198.7971508,667.7693872,93.73165744,688.2160235,468.0984403,50.54275036
경상남도,의창구,6,20,창원 의창,87.54545019,196.8513139,79.60600075,150.288927,113.8763725,420.3024461,47.56994893,134.7614979,613.1571234,882.6878952,52.29426077
경상남도,진주시,6,18,진주,47.42194382,149.7813065,220.8534307,60.36902821,394.0311982,520.1350434,560.8826313,179.035198,208.3504914,614.7147969,56.36451022
경상남도,진해구,8,20,창원 진해,85.6209383,120.6922443,272.528753,174.9560971,257.2401585,103.7161924,621.4406102,611.3970905,528.1820373,691.9927635,64.23711019
경상남도,창녕군,7,17,창녕,39.28175987,81.74660313,137.1259299,302.8633592,3.450947186,316.4690856,614.1083078,67.49321272,894.963458,125.5934713,46.31807228
경상남도,통영시,8,21,통영,57.20614399,59.7870253,160.9419294,235.9681385,297.4969306,84.64929742,4.629040703,154.3437814,50.66076695,950.187664,39.39486081
경상남도,하동군,5,20,하동,95.83397774,79.29327045,237.3771515,354.8341616,48.27361698,346.2940722,12.36954256,306.7154721,258.556538,107.0734342,45.02276318
경상남도,함안군,6,19,함안,67.01357409,159.5050583,47.63871448,125.9530661,300.2441889,450.7784953,135.0789244,781.8733844,707.0999201,125.9377319,53.75041215
경상남도,함양군,6,17,함양,34.86674777,189.1793587,175.5119979,85.20492775,63.26224537,217.4930797,181.221117,616.1038994,141.8393474,324.4738315,40.92719831
경상남도,합천군,7,16,합천,40.95361614,2.585114942,158.1808451,210.7185659,84.4860876,193.9955428,649.1454368,551.4769675,345.2154024,822.9170885,47.92012305
경상북도,경산시,11,12,경산,23.24659558,109.8968619,30.19041882,258.9352753,254.0444221,494.7998552,615.8443832,400.5799754,831.9711658,641.9449248,58.09538444
경상북도,경주시,12,12,경주,69.31749655,134.6805924,36.47686886,223.2053965,206.8699316,505.7365773,141.4494966,564.5588921,800.9138724,995.6390649,60.96127832
경상북도,고령군,9,13,고령,45.93537965,87.28015347,295.5342885,202.6201823,487.5689836,278.5484145,11.89913181,32.67672397,426.6139587,179.8611311,45.38525945
경상북도,구미시,10,10,구미,37.77985816,55.53384454,186.9428216,115.3610621,491.7128512,215.947489,119.436123,542.6017208,445.7814337,222.9056003,44.7744487
경상북도,군위군,10,11,군위,96.91773783,170.4937169,47.64655952,137.4804367,399.7885198,152.275269,545.3392376,275.5152878,325.6040303,217.2193518,50.79989846
경상북도,김천시,9,11,김천,46.49085291,143.3650097,219.6614311,300.161561,129.5874037,107.9920747,478.6357149,226.6474561,603.7055426,764.3899269,55.05752339
경상북도,남구,12,11,포항 남구,45.28663811,163.953602,53.0382522,97.9421057,83.61274921,520.3505565,454.3959629,548.4792256,488.498092,801.3190996,54.07591135
경상북도,문경시,10,8,문경,34.51901861,183.3948981,241.6902999,27.18264995,480.7302654,529.3688194,159.9807658,553.6099683,485.1901416,174.4345278,56.13588628
경상북도,봉화군,11,8,봉화,71.95556294,98.06737712,108.8690162,285.2771713,141.6445013,234.0736023,616.0426505,351.619285,842.3190197,610.1416606,58.25030555
경상북도,북구,12,10,포항 북구,46.19968488,173.2429306,271.4163844,234.7316399,81.78115626,575.0791157,200.9058621,641.0182154,50.32730916,130.3582397,52.16348004
경상북도,상주시,8,11,상주,10.01793982,131.732628,146.5682308,267.814779,114.0335423,24.9222931,212.1203062,762.2180004,412.3963501,791.3798675,46.91944038
경상북도,성주군,11,13,성주,42.71074183,128.8831284,169.8219403,236.6721181,48.33636842,64.1410636,307.5985258,194.8006403,102.7682318,557.6928159,37.87658005
경상북도,안동시,10,9,안동,36.62326074,130.17324,104.5470104,74.09994945,122.5233207,416.4613876,509.7103022,746.0170078,105.5467187,608.9789844,48.7691962
경상북도,영덕군,11,7,영덕,16.79439026,169.7986434,26.69175978,126.2786679,22.33602886,81.74266458,285.8323069,290.3781974,10.43324452,688.7541681,30.7416743
경상북도,영양군,11,9,영양,80.72330695,150.0281854,230.3013525,101.8705963,398.1057458,251.8805199,288.7587069,8.204484177,365.8209569,726.0960812,53.51065875
경상북도,영주시,9,10,영주,83.02007169,99.51861253,253.8639371,185.615493,301.8120709,575.2757457,448.8177078,205.6930178,33.33365617,792.0377211,59.2782223
경상북도,영천시,10,12,영천,78.38244662,39.00942757,166.957413,289.8598914,200.5186963,467.2962468,594.2839728,720.8188807,115.4351172,152.3827619,54.70555221
경상북도,예천군,8,10,예천,74.84469717,76.4528307,154.1492198,47.50137448,405.6136543,26.22479578,670.0586814,277.7205151,741.7844604,418.842753,51.65655636
경상북도,울릉군,13,8,울릉,44.08438608,152.6731285,44.54686888,382.6964975,457.7443158,155.7173351,343.1902324,86.31472378,849.5085151,684.9173926,57.11438741
경상북도,울진군,11,6,울진,36.6485429,78.19813415,201.0812182,163.983506,66.69110224,470.225797,45.92858597,620.0149014,512.5491698,727.9146968,48.92842125
경상북도,의성군,11,11,의성,55.458363,67.38039204,37.01063016,228.1569721,146.5746646,100.0175121,286.1506811,213.9601196,890.4797229,721.0558741,44.31806596
경상북도,청도군,10,13,청도,70.49084821,188.0372585,297.2684965,394.5779858,487.3287855,495.7997433,414.6053768,659.762465,880.500026,856.1033561,86.74858399
경상북도,청송군,11,10,청송,79.032271,103.6080439,62.56101486,299.0874093,235.7305288,66.72743225,307.5666316,752.90314,234.9178184,928.8935179,54.17714757
경상북도,칠곡군,9,12,칠곡,96.18638119,154.0115615,127.5150446,283.4215642,101.3362231,526.8219494,504.8602817,363.1012527,401.251644,656.3009754,62.23476382
광주광역시,광산구,2,21,광주 광산,68.31981261,137.9358473,82.33813736,16.69515051,452.7695625,100.6373686,272.7521816,783.6347412,677.451423,637.135694,55.21392667
광주광역시,남구,2,23,광주 남구,65.27246586,113.5949806,101.5562345,316.1764242,440.2536309,3.994217242,309.9181373,3.377879955,480.5906859,339.9076831,45.57685574
광주광역시,동구,3,23,광주 동구,44.98049033,147.4432753,171.8861789,386.6568691,302.882243,5.753032367,124.6723247,61.12034397,754.282959,107.659411,45.42225594
광주광역시,북구,3,22,광주 북구,17.68524622,21.06691341,62.22839158,99.45929573,122.1615275,83.88588071,269.4164543,560.2255464,774.0474549,81.56616849,31.49177575
광주광역시,서구,2,22,광주 서구,5.048637643,109.4866973,134.4482848,290.8449726,464.9065016,318.53436,568.7179404,637.3838983,205.6796002,357.7879246,54.29401734
대구광역시,남구,9,15,대구 남구,51.94862736,152.6122426,186.1101437,100.5148591,259.3763056,394.9271044,295.1803375,694.9631197,875.9284086,524.2128666,61.19022982
대구광역시,달서구,8,16,대구 달서,46.21584236,125.3516502,141.4951842,88.13147411,131.3714756,501.1948469,245.7120559,590.0475928,756.3578217,679.5722838,54.87510247
대구광역시,달성군,9,16,대구 달성,94.30551109,194.5150238,64.7882043,267.500953,192.9229076,100.2299511,500.0789564,167.6615049,717.5592324,829.3037809,59.03806234
대구광역시,동구,10,15,대구 동구,19.47509617,131.0722791,126.2128045,270.4287575,308.9268639,305.6679888,135.7702989,625.4738389,105.2145499,414.6111369,45.81510036
대구광역시,북구,8,14,대구 북구,10.91048265,120.5601269,83.28161052,183.3462057,275.2218309,466.830025,151.1300025,505.1939813,385.9215622,429.6330745,44.82197337
대구광역시,서구,8,15,대구 서구,54.70698309,20.4749128,211.1977377,33.95816765,53.78616615,54.40522471,551.3810586,783.6873839,432.3791159,117.25866,40.01556336
대구광역시,수성구,10,14,대구 수성,54.7007372,190.8341417,242.7019196,92.88304609,33.51514727,572.6989086,342.8452101,143.3207447,386.6595025,826.4738337,54.88945876
대구광역시,중구,9,14,대구 중구,94.5941932,137.052489,197.8392961,257.0909342,493.6543865,395.8056765,575.8389758,662.6093474,480.293437,977.4243299,77.42353431
대전광역시,대덕구,5,13,대전 대덕,92.85707202,104.9765454,236.8431593,378.7813489,83.35960706,238.7765852,699.9841964,137.2123452,872.7506944,680.92039,65.76700445
대전광역시,동구,5,14,대전 동구,48.18493078,116.4552638,266.2768583,241.5166728,136.2313279,348.4439045,553.0157236,6.412016792,169.7873555,319.5032622,47.14902696
대전광역시,서구,4,16,대전 서구,29.11825292,160.0502971,104.0352045,251.7677896,193.2503389,26.58880921,415.8807317,549.0325138,679.2978069,977.3519833,55.10986161
대전광역시,유성구,4,15,대전 유성,19.79995033,157.0784658,118.91479,291.2409717,286.1753728,47.66329388,4.189476558,759.5615003,5.943629339,354.6063817,40.7631372
대전광역시,중구,5,15,대전 중구,50.58496369,15.48879862,230.4903993,102.446071,495.0793098,436.9189242,603.9875666,416.1033855,42.75378016,61.1342427,48.17674021
부산광역시,강서구,8,18,부산 강서,28.36267004,174.0750579,32.03269044,395.1336622,325.630624,475.3813729,10.7213906,487.0886665,528.3516759,989.1694878,58.92579327
부산광역시,금정구,10,16,부산 금정,1.241514432,38.08469675,28.65927522,90.96588984,292.7495066,583.7413861,16.91837793,203.0878224,361.0450462,516.566646,32.79942291
부산광역시,기장군,12,16,부산 기장,17.50046947,132.4370767,118.1007665,109.6763238,249.9423985,183.5223566,314.3157413,142.6390571,550.425814,537.5966178,40.87307665
부산광역시,남구,11,19,부산 남구,17.46897948,3.400493018,106.2233322,216.1597142,257.6691616,510.8428675,55.2737857,342.9431413,119.6065981,304.8183206,33.9826844
부산광역시,동구,10,18,부산 동구,62.7381929,85.69421148,202.8669557,312.2723235,112.0869745,499.6288786,626.340326,758.5664834,477.89022,248.9698979,61.92584757
부산광역시,동래구,11,16,부산 동래,49.11289404,10.05258836,50.7014424,58.41188553,341.3307404,412.1038328,222.1066204,722.044258,259.9189329,310.7886746,40.4536559
부산광역시,부산진구,10,17,부산 부산진,93.80967087,76.74054966,108.894605,151.0004964,344.0032825,9.490587656,250.5066914,80.49812244,82.16375766,490.8878868,38.06777232
부산광역시,북구,9,17,부산 북구,23.73422571,183.8574143,199.8344699,185.3442252,323.2506787,377.0991817,616.2307739,419.7503174,821.1989466,346.3805769,62.24946209
부산광역시,사상구,9,18,부산 사상,6.228671266,6.302415386,30.46289314,171.143859,247.1268878,219.9340295,628.674592,391.4933524,104.9898699,802.0521767,37.90192744
부산광역시,사하구,10,19,부산 사하,53.09662581,185.8706191,224.4472135,118.3029025,92.38322051,166.1624811,331.2724167,632.6515826,208.8167369,69.21563262,45.31232915
부산광역시,서구,9,19,부산 서구,80.40557024,150.7612522,166.2098111,15.10857219,439.9619094,164.2825272,68.8965678,559.1327234,304.740441,742.1365392,51.8147073
부산광역시,수영구,11,20,부산 수영,49.6038163,115.5583013,204.1578692,132.3109861,153.6815996,401.3978318,513.7971119,277.8661641,625.971371,416.865745,52.55211021
부산광역시,연제구,11,17,부산 연제,57.09490052,170.8158411,139.9567382,375.9328744,56.24699733,321.7051958,511.1727305,131.6259234,768.1261637,661.440484,58.8974534
부산광역시,영도구,10,20,부산 영도,74.53725168,168.8258972,66.80658346,62.86154337,66.9545264,49.61031866,499.0998562,682.8653001,19.28111044,578.7948182,43.52737084
부산광역시,중구,11,18,부산 중구,78.24624204,159.8104055,81.01457097,283.032197,446.1470184,408.4233064,652.4123977,279.1607437,587.4291434,840.0394237,69.0585017
부산광역시,해운대구,12,17,부산 해운대,75.18801949,147.4113684,99.65669202,17.10883757,213.2955843,13.70053476,638.833071,127.9451607,640.096691,966.0916649,50.63183832
서울특별시,강남구,6,8,서울 강남,12.02556451,59.74136509,65.01058773,340.5284002,57.91208227,457.7811479,321.1835619,638.4449522,713.2213524,771.0026485,51.86138842
서울특별시,강동구,8,5,서울 강동,9.220828863,180.7356449,205.6468185,15.83563188,33.93217745,231.9854016,183.4928946,510.6284918,280.675948,99.52241095,34.87274576
서울특별시,강북구,5,3,서울 강북,55.53701519,161.1229368,81.12174538,122.8890311,31.72615435,423.3299494,651.2511598,88.18319352,801.8550359,230.5658323,48.6971912
서울특별시,강서구,4,6,서울 강서,74.76169838,72.71249786,240.3189503,153.1781399,375.7129248,179.3677427,142.332638,54.06077912,361.1496939,562.2041572,45.79949987
서울특별시,관악구,5,7,서울 관악,86.0506882,52.08940028,147.7891444,226.9550494,194.0461222,139.9923601,560.810617,98.03822443,803.0246475,62.19468694,46.80534933
서울특별시,광진구,7,6,서울 광진,41.17612593,43.66308483,223.2741433,302.895233,480.0336858,112.0473059,589.3517991,444.1968454,104.3392725,75.14426842,48.66628783
서울특별시,구로구,4,9,서울 구로,37.56056091,169.3564223,0.661236662,129.4065607,488.8619046,521.5450465,339.3960092,8.101206282,4.114583591,230.1485448,41.24772052
서울특별시,금천구,5,8,서울 금천,96.88605823,82.7338778,152.5438901,329.1696882,183.8493698,396.9642505,586.7142365,447.872669,262.3173432,689.4201871,61.22127583
서울특별시,노원구,6,2,서울 노원,69.23782845,79.63368162,149.0950985,112.0992395,226.61691,26.27274819,403.7039603,10.0527959,86.87460453,957.2272795,40.07840743
서울특별시,도봉구,5,2,서울 도봉,57.43692045,190.6630664,277.6946522,235.8019173,258.258374,456.6719543,539.1023729,184.9330063,725.7976279,745.2640601,68.73493216
서울특별시,동대문구,7,4,서울 동대문,77.84332048,42.90307882,111.455478,92.5565532,343.515274,98.74301708,625.2175829,232.9152762,607.2222403,688.7556636,49.95219597
서울특별시,동작구,5,6,서울 동작,10.39898688,146.186427,295.9132646,168.8808013,472.6385773,555.6190739,66.92895045,475.33076,192.1365532,31.90718393,50.49978979
서울특별시,마포구,5,5,서울 마포,70.25894919,174.3041065,68.971493,225.1883125,350.3448185,460.4455261,374.7150694,193.4891747,770.6913302,56.35414021,55.24931181
서울특별시,서대문구,5,4,서울 서대문,9.666890191,99.37979804,70.27477487,188.884173,306.603629,513.0262891,400.3127393,6.622553843,416.811058,130.3227936,39.41878373
서울특별시,서초구,6,7,서울 서초,11.86169227,166.0714401,147.1775313,106.027696,34.15797644,257.6158235,253.6148774,692.0973865,329.4421705,93.04930469,38.88835655
서울특별시,성동구,7,5,서울 성동,45.8313357,82.47802359,244.3152574,318.1881057,380.7298892,326.4769725,73.15617321,640.3157544,324.6400375,744.5515729,57.96312234
서울특별시,성북구,6,3,서울 성북,4.688323473,173.5123409,147.7811881,329.6995913,384.3023984,1.867326557,580.7954956,24.6384316,887.6856448,592.1594254,54.41997585
서울특별시,송파구,8,6,서울 송파,18.86094181,32.68754579,202.8552537,364.3952687,38.39453572,304.3458253,436.5622875,301.0887743,770.6658858,342.7783209,47.2234674
서울특별시,양천구,4,7,서울 양천,11.42220442,187.3652305,40.48507272,314.8686369,212.1508067,454.9202539,280.0032096,307.0669019,452.5166559,69.85712157,45.12163687
서울특별시,영등포구,4,8,서울 영등포,8.667670983,149.0778186,269.8133714,81.9533202,456.3423482,30.64311653,47.34662574,336.6059739,110.0207023,101.9109471,36.12635241
서울특별시,용산구,6,6,서울 용산,73.67019921,24.66552221,72.94536362,74.72465297,49.3008545,481.6965687,353.9694168,188.9894186,740.9780659,210.4944013,39.67132503
서울특별시,은평구,4,5,서울 은평,4.156654277,179.0068418,217.9618157,134.8524155,135.3518353,527.8166941,408.540661,256.5472588,856.8150333,666.3132267,56.73312857
서울특별시,종로구,6,4,서울 종로,16.32085989,14.8895201,128.3143204,295.4485463,228.9461434,95.05844172,577.8069419,78.35199936,762.7055624,785.4829359,45.76627038
서울특별시,중구,6,5,서울 중구,58.47999631,68.0824513,68.36609903,89.92092882,305.8501857,366.5160417,430.6018797,181.5409662,154.6266344,178.6823801,37.93023481
서울특별시,중랑구,8,4,서울 중랑,15.38960393,134.5269773,57.34128763,141.3145582,480.5366938,71.06593584,246.9888171,425.5448577,863.4824476,632.4226376,49.2709138
세종특별자치시,세종특별자치시,4,13,세종,73.45254964,66.38766094,274.9724939,183.5163831,179.7228222,427.7484846,215.3790041,40.94285478,732.2812453,931.2074348,56.17905647
울산광역시,남구,12,15,울산 남구,3.897258423,41.29096926,146.4081926,79.74432673,181.4102859,433.4571631,535.8180517,720.107723,819.0666592,745.1511855,53.38878998
울산광역시,동구,12,14,울산 동구,53.52533257,4.633735971,248.0210894,115.0454965,488.1536086,45.34150901,100.5007093,135.0674867,748.3511918,955.4369628,48.23994197
울산광역시,북구,12,13,울산 북구,34.42323248,166.1795223,237.3747807,312.164612,188.7148572,437.3548096,62.09842744,638.148178,229.8422891,629.813042,56.24735757
울산광역시,울주군,11,14,울산 울주,14.13508553,89.90382882,38.13368345,56.64044292,14.45958934,86.48884814,669.7120892,313.9430189,236.375786,555.832647,32.00283383
울산광역시,중구,11,15,울산 중구,42.14376091,133.7905045,88.82103141,212.0879395,433.39167,530.2122585,69.41987159,380.4020546,769.2014576,295.2541213,53.91746743
인천광역시,강화군,1,5,인천 강화,78.30403827,163.3435513,110.3041818,159.0163901,399.0662419,149.7123694,392.4104498,614.4187494,182.1132136,680.9583882,56.24549017
인천광역시,계양구,2,7,인천 계양,35.80979861,133.8773348,292.7658066,248.7329796,456.2837218,529.8391321,513.2694221,38.71988257,677.0178658,620.2185077,65.7493826
인천광역시,남구,2,9,인천 남구,35.31431562,176.7185078,148.6232463,280.2929009,265.6465109,469.782836,421.6716398,116.3101604,645.5995023,191.1075179,54.03359239
인천광역시,남동구,2,10,인천 남동,24.71418031,188.2829888,292.8186747,379.464117,30.16103722,541.952273,561.305263,464.5438131,89.37432093,585.3685136,61.44072894
인천광역시,동구,1,7,인천 동구,63.99542952,14.10147913,20.06207424,178.3372196,101.6399534,321.2855804,555.8121781,45.36957757,877.1708025,632.5379482,44.19835737
인천광역시,부평구,2,8,인천 부평,37.66989616,42.00356445,52.61990492,70.59752681,253.2608205,90.33319273,312.1565194,712.5123774,713.0558628,462.2119204,41.86761815
인천광역시,서구,1,6,인천 서구,7.762041222,169.4299585,57.80327035,354.4142912,125.4248746,574.6024303,596.2501206,512.5516629,296.6252578,428.076628,54.6213968
인천광역시,연수구,1,10,인천 연수,62.09272243,107.1823878,185.3612364,91.12665932,464.845717,465.2190762,194.1695632,388.9734725,620.2189041,942.8815805,61.03198788
인천광역시,옹진군,0,10,인천 옹진,15.28628415,152.9765635,4.444221034,226.1492276,437.0441041,89.77702926,57.59835617,425.3988549,161.8686051,6.248565051,33.21783894
인천광역시,중구,1,9,인천 중구,28.99957628,131.4359072,250.2470141,264.4467805,33.07068187,73.65498107,565.3389418,428.0574508,460.513788,185.9571983,46.71686687
전라남도,강진군,1,24,강진,21.89803465,166.3120719,33.8307139,392.959078,121.327915,549.6787179,232.8229422,604.9378258,262.6942226,670.953568,53.56106997
전라남도,고흥군,5,22,고흥,33.99132649,72.76979681,42.12539774,55.54268304,367.3248793,90.17211175,46.55163537,694.6475272,259.8896678,915.004655,40.06556258
전라남도,곡성군,3,21,곡성,5.069976574,187.8943792,297.4011961,228.0614904,330.3944049,206.3478481,17.06523225,642.3620236,649.7851586,41.20070738,51.46880248
전라남도,광양시,5,21,광양,4.866218008,40.31445693,287.5733722,63.55022148,281.0200085,145.4488668,324.1692322,391.0597004,534.0436166,941.3336408,46.58781687
전라남도,구례군,4,20,구례,60.58887553,57.42793284,234.1263349,24.76442152,388.2143158,456.4985484,61.90004116,2.007313827,561.2636605,57.75869005,40.44942887
전라남도,나주시,1,22,나주,88.04765717,0.482083597,138.7740093,93.12624163,471.6003964,21.49614476,692.2554464,485.388193,846.8080267,73.90938536,51.67789112
전라남도,담양군,2,20,담양,87.92552074,193.2613023,226.6035052,77.91779568,150.9700877,586.700824,114.5427347,537.0918277,451.3803787,100.0902455,55.1209737
전라남도,목포시,0,22,목포,29.43019234,181.7425627,104.4033863,161.1607666,139.6177935,310.6586215,574.7443169,437.44779,757.5250637,709.9594922,56.70454952
전라남도,무안군,1,21,무안,3.063579491,48.55609831,18.64976276,103.8333176,486.1289554,196.8243573,425.4685713,417.3651536,366.1963831,835.7979137,42.67665433
전라남도,보성군,3,24,보성,46.36866018,152.4332098,253.8868457,312.4622305,236.8745066,459.5974346,506.8568028,122.297801,885.1076954,574.8993755,65.28348219
전라남도,순천시,4,22,순천,29.64922082,2.511383092,94.19435827,320.8443067,217.7247652,537.4679903,639.4191293,498.9845396,578.0835989,106.90365,50.42775932
전라남도,신안군,0,21,신안,68.9405403,60.10201358,296.3337942,344.5098455,59.3425561,66.06570709,277.3453494,464.8840559,507.7757872,687.3212152,52.96593269
전라남도,여수시,4,23,여수,80.20595048,101.374901,223.856231,276.1430239,197.5701324,190.1058392,581.2091,564.049532,798.6319892,301.1207219,61.81312564
전라남도,영광군,1,19,영광,68.43374725,150.6492568,200.8490368,6.500049346,100.7155169,481.8094011,2.267039564,114.0113514,570.5903907,114.4453494,40.21964861
전라남도,영암군,1,23,영암,64.39944428,187.7724701,191.3507369,244.5894551,205.0454381,538.6863098,414.5710154,308.9273272,192.1241108,716.1605052,60.48102819
전라남도,완도군,2,25,완도,62.81374645,174.4080863,68.26543014,309.0607945,188.9764045,166.0940493,475.570216,129.7870543,655.3238859,145.0021729,48.69917205
전라남도,장성군,2,19,장성,13.7042759,84.29887137,232.9579976,193.1226326,297.2966632,89.1747451,605.1507429,273.9013039,201.8727929,93.14797288,40.85417025
전라남도,장흥군,2,24,장흥,86.4162046,178.9985224,228.2701334,132.0498885,7.305917097,176.1028901,99.10015765,478.3487222,872.0481731,922.8342632,57.89580709
전라남도,진도군,0,24,진도,47.49043966,58.86693138,35.15014752,341.8228407,216.1254921,516.469168,521.7807794,614.0120842,360.4667873,625.2971716,55.72728287
전라남도,함평군,1,20,함평,93.18785747,165.611081,138.872705,154.2683411,441.9787363,230.4033368,196.9600958,44.03957098,567.5547041,123.6330967,49.67147347
전라남도,해남군,0,23,해남,99.9098524,84.37050517,265.7816042,292.4153872,489.0196153,324.9377956,528.8158397,715.4109568,52.41365222,723.0740424,69.88556751
전라남도,화순군,4,21,화순,26.89238391,88.24022294,181.9183448,335.7968928,307.5606124,406.1632237,550.9673931,609.7666078,763.3241168,609.684649,64.55198692
전라북도,고창군,1,18,고창,57.31772288,18.28224046,220.2089901,214.6239522,195.6954805,351.385596,399.2262316,42.47632097,277.6708737,369.4435842,42.13597266
전라북도,군산시,2,16,군산,63.2196151,196.7370045,143.0452909,62.26733479,124.2618582,61.51719788,596.5163266,622.0624423,215.3699306,723.3033168,51.91767
전라북도,김제시,3,17,김제,42.91366261,173.7848462,192.3858611,24.36247619,412.040734,182.2955865,244.787659,560.2824845,0.385324128,34.69247931,42.13331075
전라북도,남원시,5,18,남원,59.04545619,148.6753038,100.8357349,354.8277498,264.8070901,305.5443425,533.868032,466.6119908,476.9109467,651.2150619,61.22924042
전라북도,덕진구,3,18,전주 덕진,21.26079333,130.5113716,132.9793794,300.1139701,41.02209342,104.9994284,665.3309465,374.1538641,309.3499892,343.9431225,44.21587992
전라북도,무주군,5,16,무주,96.28740304,113.8484883,148.939828,104.8448856,430.1025382,273.9498617,27.42248233,516.4958122,779.5950916,543.7826735,57.02277141
전라북도,부안군,2,17,부안,46.84629153,125.5421089,41.63575452,71.73801816,448.1856546,148.9685102,242.0179236,29.81712252,375.69611,364.2814312,37.23689361
전라북도,순창군,3,20,순창,47.7030853,85.84786262,250.6747452,285.7446483,77.63489077,573.0058236,28.39377605,622.8565084,299.2558363,126.5174378,48.44650854
전라북도,완산구,3,19,전주 완산,89.80718325,110.9855087,194.8003594,39.27463728,51.83056555,180.0556303,82.7060823,2.967330046,482.492204,389.1554839,36.51392991
전라북도,완주군,4,17,완주,18.8826803,182.8248606,277.0169054,229.3514156,484.9287054,483.4385169,216.5027502,74.08089368,112.73814,943.1070014,58.45569964
전라북도,익산시,3,16,익산,57.19389508,105.2979016,100.9651024,191.4581616,327.6511141,486.371174,487.8208378,392.2453339,445.7561383,216.0730671,52.780963
전라북도,임실군,4,19,임실,71.54677099,72.87865541,59.42808682,34.3018174,415.7765186,548.2103487,26.56816877,475.8040674,31.51101464,402.9313713,41.79599326
전라북도,장수군,5,17,장수,43.6850177,87.71576613,64.77984708,364.8012006,316.7290858,543.7050663,157.4763024,423.7324962,412.9171248,704.9772217,54.61403908
전라북도,정읍시,2,18,정읍,70.28109225,49.3840344,60.709732,158.3194359,290.2375105,176.1595191,328.969536,6.45302578,387.8399984,957.6746074,42.88600378
전라북도,진안군,4,18,진안,9.675094599,38.68548205,247.734166,147.0684665,191.2769669,581.9030315,409.9848539,56.74633249,173.7469453,967.3405543,46.53040675
제주특별자치도,서귀포시,5,26,서귀포,60.59959883,27.45510103,64.69499979,63.85691027,392.0157722,476.581457,70.5789528,382.2432977,279.1065211,288.2887841,38.7393608
제주특별자치도,제주시,5,25,제주,41.07840642,27.22627484,244.041748,188.3322894,363.7672959,218.9315744,442.2982009,61.70050891,893.6899468,322.9409051,49.48549148
충청남도,계룡시,4,14,계룡,33.03501167,177.3584961,142.1087615,334.7743136,497.230248,249.4236298,267.2146287,463.9430736,31.58487859,900.521757,58.35220891
충청남도,공주시,4,12,공주,2.681120694,142.6104878,158.1995994,142.0947126,469.2944752,244.2079523,459.2444929,532.6498705,755.0962021,880.0616262,60.08967935
충청남도,금산군,3,15,금산,43.53506817,124.1651629,229.9818732,23.67709139,431.6010262,36.52818452,495.3149801,608.4606602,523.2580508,419.6889766,52.75313294
충청남도,논산시,3,14,논산,82.48658076,197.4884379,28.30786739,44.51988955,350.7110589,593.0577225,49.44969652,482.7015902,604.9437208,834.5675241,58.8856556
충청남도,당진시,1,12,당진,77.31865964,80.07965671,154.3398385,257.2451212,460.6775094,192.2835811,695.4150277,574.2764295,749.910278,812.490879,69.30011563
충청남도,동남구,2,11,천안 동남,68.78450519,8.400020303,299.9510254,143.5771542,49.74422823,139.9342348,508.8687629,137.9146625,703.1227916,247.6428531,43.49576074
충청남도,보령시,2,13,보령,71.62417741,88.26475776,175.851915,285.7424187,193.788066,409.5471979,625.530427,786.2116614,611.9193702,804.8848308,68.89424169
충청남도,부여군,2,14,부여,77.18179426,67.91864996,299.9722766,38.78293523,443.1724817,540.5663262,463.9623308,15.15829926,323.2665426,742.3720245,57.78873235
충청남도,서북구,3,11,천안 서북,87.28075238,18.95919284,196.1343786,247.4152609,29.26430488,217.4969335,534.3031239,489.6375464,877.4924358,94.17223318,51.0544734
충청남도,서산시,1,13,서산,23.75881691,171.4140329,185.472852,278.3254548,18.39566053,462.1533853,170.0459502,172.7253708,35.91152191,650.4906745,43.64983639
충청남도,서천군,2,15,서천,29.24420332,55.96826678,165.265418,251.3123601,440.4573504,282.1254392,173.9536824,505.4367808,25.370459,109.6778169,41.20741212
충청남도,아산시,1,11,아산,9.637413076,153.15924,275.0942791,193.2262878,320.9697723,150.267394,218.3112425,712.5584508,117.7800192,787.8883402,52.75928477
충청남도,예산군,3,12,예산,38.10501691,61.48754321,187.2280296,318.058694,248.2035606,458.8872467,671.008416,72.12746105,277.7357246,283.4231852,50.09708464
충청남도,청양군,3,13,청양,65.99019744,175.1865183,171.1207269,81.13229554,430.6038943,333.4527315,158.2438723,623.0560117,390.8461607,998.9651553,61.64151425
충청남도,태안군,0,11,태안,83.2791327,198.3385411,294.9148328,23.19318845,233.9281629,389.5192663,155.4966501,291.1532603,261.2693082,57.69016936,49.16640597
충청남도,홍성군,2,12,홍성,67.32318321,4.083449606,166.3755924,194.1372366,344.273644,469.2136871,663.0112769,91.11476748,553.2156126,332.6386427,52.12522662
충청북도,괴산군,8,12,괴산,46.27024693,62.10525277,297.7647227,84.33376026,394.7912557,259.601284,569.6816328,748.2203744,254.9713715,954.9858993,61.86257323
충청북도,단양군,7,11,단양,52.03288233,131.3581811,140.9693133,119.4711348,450.7876166,413.4236236,26.66212216,394.5339734,186.4233196,971.462147,52.46165264
충청북도,보은군,8,13,보은,70.41660606,40.98542235,82.65055137,46.32461433,15.1935685,147.6997438,427.9546006,506.2556862,341.187895,290.8561111,34.91097018
충청북도,상당구,6,14,청주 상당,85.14048724,152.5384226,74.02449828,111.2654232,230.2920373,216.4333589,274.4157234,467.066349,131.7952403,844.8565879,49.27466353
충청북도,서원구,7,14,청주 서원,82.27721608,109.317218,166.9410072,149.7241236,426.2301193,100.0738073,404.7020232,272.5370243,851.8237336,73.26298633,52.5793933
충청북도,영동군,7,15,영동,59.1562232,125.3998049,157.8374545,205.3263139,80.1965044,65.03070494,361.1943212,241.4885186,697.538145,104.9915146,42.2466584
충청북도,옥천군,6,15,옥천,72.27389009,77.61614262,293.1566957,145.5108986,161.3773121,263.2452309,501.468968,189.8464242,648.2074824,765.7064981,56.52911826
충청북도,음성군,5,11,음성,37.15473635,64.04686183,181.4701732,394.2191553,7.177688945,355.9022032,302.6668802,769.2853634,323.6692427,234.3899821,48.77766291
충청북도,제천시,7,10,제천,8.57877215,188.143639,75.63936398,4.109851976,418.4954531,394.1469184,447.4014113,507.0358241,705.6049965,887.8470362,57.27606438
충청북도,증평군,6,13,증평,78.46802113,127.5922969,41.7897501,151.8101927,490.1808542,501.1773045,53.57522735,498.5220352,870.7550993,897.7323787,63.22050188
충청북도,진천군,5,12,진천,80.06954905,166.8745911,213.3579744,189.0117124,461.9728178,260.0175272,36.3133062,170.8891444,372.7144534,988.1554501,58.43869359
충청북도,청원구,7,13,청주 청원,52.7438349,40.47329286,292.9198729,150.016293,310.7383136,66.13646421,429.368151,157.4165787,846.4088541,28.30130115,45.91858569
충청북도,충주시,6,12,충주,11.1002471,70.29936528,31.60011937,54.38702562,5.136891633,418.0209418,372.9239129,80.27820155,214.956018,444.1135815,27.26825746
충청북도,흥덕구,7,12,청주 흥덕,29.80364921,25.9957341,150.5079339,297.8348806,324.314973,431.1006583,188.5909247,576.1395883,685.7518728,857.5705143,56.50533652
